name,level,country_guess,name_starts_with,matched_country,gid
Z05,0,,False,IND,Z05
Z09.35,1,,False,IND,Z09.35_1
Z09.13,1,,False,IND,Z09.13_1
Z04,0,,False,IND,Z04
Z03,0,,False,CHN,Z03
Z08,0,,False,CHN,Z08
Z02,0,,False,CHN,Z02
Z07,0,,False,IND,Z07
IND.13.4,2,IND,False,IND,IND.13.4_1
IND.13.3,2,IND,False,IND,IND.13.3_1
IND.13.12,2,IND,False,IND,IND.13.12_1
IND.13.1,2,IND,False,IND,IND.13.1_1
IND.13.11,2,IND,False,IND,IND.13.11_1
IND.13.10,2,IND,False,IND,IND.13.10_1
IND.35.5,2,IND,False,IND,IND.35.5_1
IND.35.7,2,IND,False,IND,IND.35.7_1
IND.35.8,2,IND,False,IND,IND.35.8_1
IND.35.12,2,IND,False,IND,IND.35.12_1
NPL.3.1.4,3,NPL,False,NPL,NPL.3.1.4_1
NPL.3.2.5,3,NPL,False,NPL,NPL.3.2.5_1
NPL.4.1.1,3,NPL,False,NPL,NPL.4.1.1_1
NPL.4.1.2,3,NPL,False,NPL,NPL.4.1.2_1
NPL.5.3.3,3,NPL,False,NPL,NPL.5.3.3_1
NPL.5.3.6,3,NPL,False,NPL,NPL.5.3.6_1
NPL.5.3.4,3,NPL,False,NPL,NPL.5.3.4_1
NPL.1.3.4,3,NPL,False,NPL,NPL.1.3.4_1
NPL.1.3.1,3,NPL,False,NPL,NPL.1.3.1_1
NPL.1.3.5,3,NPL,False,NPL,NPL.1.3.5_1
NPL.1.2.5,3,NPL,False,NPL,NPL.1.2.5_1
NPL.1.2.3,3,NPL,False,NPL,NPL.1.2.3_1
NPL.1.2.1,3,NPL,False,NPL,NPL.1.2.1_1
NPL.1.3.2,3,NPL,False,NPL,NPL.1.3.2_1
NPL.2.3.4,3,NPL,False,NPL,NPL.2.3.4_1
NPL.2.3.3,3,NPL,False,NPL,NPL.2.3.3_1
NPL.2.1.3,3,NPL,False,NPL,NPL.2.1.3_1
NPL.2.1.5,3,NPL,False,NPL,NPL.2.1.5_1
NPL.2.2.2,3,NPL,False,NPL,NPL.2.2.2_1
Darjiling,2,,False,IND,IND.36.6_1
Jalpaiguri,2,,False,IND,IND.36.9_1
Alipurduar,2,,False,IND,IND.36.1_1
KochBihar,2,,False,IND,IND.36.10_1
HimachalPradesh,1,IND,False,IND,IND.13_1
Uttarakhand,1,IND,False,IND,IND.35_1
Nepal,0,NPL,False,NPL,NPL
Z01.14.13,2,IND,False,IND,Z01.14.13_1
Kargil,2,,False,IND,Z01.14.8_1
Z01.14.10,2,IND,False,IND,Z01.14.10_1
Z01.14.5,2,IND,False,IND,Z01.14.5_1
Z01.14.17,2,IND,False,IND,Z01.14.17_1
Z01.14.18,2,IND,False,IND,Z01.14.18_1
Z01.14.22,2,IND,False,IND,Z01.14.22_1
Jammu,2,,False,IND,Z01.14.7_1
Z01.14.19,2,IND,False,IND,Z01.14.19_1
Z01.14.9,2,IND,False,IND,Z01.14.9_1
JammuandKashmir,1,,False,IND,Z01.14_1
Z06.1,1,PAK,False,PAK,Z06.1_1
Z01.14.16,2,IND,False,IND,Z01.14.16_1
Z01.14.14,2,IND,False,IND,Z01.14.14_1
Z06.1.1.6,3,PAK,False,PAK,Z06.1.1.6_1
Z06.1.1.5,3,PAK,False,PAK,Z06.1.1.5_1
Gilgit-Baltistan,1,,False,PAK,Z06.6_1
Malakand,2,,False,PAK,PAK.5.6_1
Hazara,2,,False,PAK,PAK.5.4_1
IND.4.4,2,IND,False,IND,IND.4.4_1
IND.4.10,2,IND,False,IND,IND.4.10_1
IND.4.13,2,IND,False,IND,IND.4.13_1
IND.4.18,2,IND,False,IND,IND.4.18_1
IND.4.17,2,IND,False,IND,IND.4.17_1
IND.4.22,2,IND,False,IND,IND.4.22_1
Assam,1,IND,False,IND,IND.4_1
ArunachalPradesh,1,IND,False,IND,IND.3_1
Meghalaya,1,IND,False,IND,IND.22_1
Nagaland,1,IND,False,IND,IND.24_1
Manipur,1,IND,False,IND,IND.21_1
Mizoram,1,IND,False,IND,IND.23_1
Tripura,1,IND,False,IND,IND.33_1
PAK.3,1,PAK,False,PAK,PAK.3_1
Bhutan,0,BTN,False,BTN,BTN
Sikkim,1,IND,False,IND,IND.30_1
CHN.29,1,CHN,False,CHN,CHN.29_1
CHN.21,1,CHN,False,CHN,CHN.21_1
CHN.26.5,2,CHN,False,CHN,CHN.26.5_1
CHN.26.16,2,CHN,False,CHN,CHN.26.16_1
NPL.4.2.1,3,NPL,False,NPL,NPL.4.2.1_1
NPL.4.2.2,3,NPL,False,NPL,NPL.4.2.2_1
NPL.4.2.5,3,NPL,False,NPL,NPL.4.2.5_1
NPL.5.1,2,NPL,False,NPL,NPL.5.1_1
NPL.5.2,2,NPL,False,NPL,NPL.5.2_1
NPL.1.1,2,NPL,False,NPL,NPL.1.1_1
NPL.1.2.2,3,NPL,False,NPL,NPL.1.2.2_1
NPL.1.2.4,3,NPL,False,NPL,NPL.1.2.4_1
NPL.1.2.6,3,NPL,False,NPL,NPL.1.2.6_1
NPL.2.3.5,3,NPL,False,NPL,NPL.2.3.5_1
NPL.2.3.1,3,NPL,False,NPL,NPL.2.3.1_1
NPL.2.3.2,3,NPL,False,NPL,NPL.2.3.2_1
NPL.2.1.1,3,NPL,False,NPL,NPL.2.1.1_1
NPL.2.1.4,3,NPL,False,NPL,NPL.2.1.4_1
NPL.2.1.2,3,NPL,False,NPL,NPL.2.1.2_1
NPL.2.1.6,3,NPL,False,NPL,NPL.2.1.6_1
NPL.2.2.4,3,NPL,False,NPL,NPL.2.2.4_1
NPL.2.2.3,3,NPL,False,NPL,NPL.2.2.3_1
NPL.2.2.1,3,NPL,False,NPL,NPL.2.2.1_1
MMR.3,1,MMR,False,MMR,MMR.3_1
MMR.4,1,MMR,False,MMR,MMR.4_1
MMR.5,1,MMR,False,MMR,MMR.5_1
MMR.6,1,MMR,False,MMR,MMR.6_1
MMR.13,1,MMR,False,MMR,MMR.13_1
MMR.12,1,MMR,False,MMR,MMR.12_1
MMR.7,1,MMR,False,MMR,MMR.7_1
MMR.8,1,MMR,False,MMR,MMR.8_1
MMR.10,1,MMR,False,MMR,MMR.10_1
MMR.2,1,MMR,False,MMR,MMR.2_1
MMR.1,1,MMR,False,MMR,MMR.1_1
MMR.15,1,MMR,False,MMR,MMR.15_1
MMR.11,1,MMR,False,MMR,MMR.11_1
MMR.9,1,MMR,False,MMR,MMR.9_1
MMR.14,1,MMR,False,MMR,MMR.14_1
Thailand,0,THA,False,THA,THA
Laos,0,LAO,False,LAO,LAO
Cambodia,0,KHM,False,KHM,KHM
VNM.41,1,VNM,False,VNM,VNM.41_1
VNM.29,1,VNM,False,VNM,VNM.29_1
VNM.46,1,VNM,False,VNM,VNM.46_1
VNM.50,1,VNM,False,VNM,VNM.50_1
VNM.54,1,VNM,False,VNM,VNM.54_1
VNM.19,1,VNM,False,VNM,VNM.19_1
VNM.47,1,VNM,False,VNM,VNM.47_1
VNM.48,1,VNM,False,VNM,VNM.48_1
VNM.34,1,VNM,False,VNM,VNM.34_1
VNM.8,1,VNM,False,VNM,VNM.8_1
VNM.21,1,VNM,False,VNM,VNM.21_1
VNM.45,1,VNM,False,VNM,VNM.45_1
VNM.32,1,VNM,False,VNM,VNM.32_1
VNM.15,1,VNM,False,VNM,VNM.15_1
VNM.43,1,VNM,False,VNM,VNM.43_1
VNM.37,1,VNM,False,VNM,VNM.37_1
VNM.16,1,VNM,False,VNM,VNM.16_1
VNM.11,1,VNM,False,VNM,VNM.11_1
VNM.7,1,VNM,False,VNM,VNM.7_1
VNM.17,1,VNM,False,VNM,VNM.17_1
VNM.10,1,VNM,False,VNM,VNM.10_1
VNM.25,1,VNM,False,VNM,VNM.25_1
VNM.9,1,VNM,False,VNM,VNM.9_1
VNM.53,1,VNM,False,VNM,VNM.53_1
VNM.39,1,VNM,False,VNM,VNM.39_1
VNM.58,1,VNM,False,VNM,VNM.58_1
VNM.6,1,VNM,False,VNM,VNM.6_1
VNM.59,1,VNM,False,VNM,VNM.59_1
VNM.61,1,VNM,False,VNM,VNM.61_1
VNM.18,1,VNM,False,VNM,VNM.18_1
VNM.51,1,VNM,False,VNM,VNM.51_1
VNM.24,1,VNM,False,VNM,VNM.24_1
VNM.2,1,VNM,False,VNM,VNM.2_1
VNM.33,1,VNM,False,VNM,VNM.33_1
VNM.12,1,VNM,False,VNM,VNM.12_1
VNM.1,1,VNM,False,VNM,VNM.1_1
VNM.13,1,VNM,False,VNM,VNM.13_1
Vietnam,0,VNM,False,VNM,VNM
MYS.13,1,MYS,False,MYS,MYS.13_1
MYS.14,1,MYS,False,MYS,MYS.14_1
MYS.5,1,MYS,False,MYS,MYS.5_1
Brunei,0,BRN,False,BRN,BRN
IDN.35,1,IDN,False,IDN,IDN.35_1
IDN.34,1,IDN,False,IDN,IDN.34_1
IDN.12,1,IDN,False,IDN,IDN.12_1
IDN.13,1,IDN,False,IDN,IDN.13_1
IDN.14,1,IDN,False,IDN,IDN.14_1
Malaysia,0,MYS,False,MYS,MYS
SGP,0,SGP,False,SGP,SGP
Jawa,1,IDN,True,IDN,IDN.9_1
IDN.4,1,IDN,False,IDN,IDN.4_1
Jakarta,1,IDN,True,IDN,IDN.7_1
Yogyakarta,1,IDN,True,IDN,IDN.33_1
IDN.2,1,IDN,False,IDN,IDN.2_1
NusaTeng,1,IDN,True,IDN,IDN.20_1
TLS,0,TLS,False,TLS,TLS
IDN.19,1,IDN,False,IDN,IDN.19_1
IDN.18,1,IDN,False,IDN,IDN.18_1
Sulawesi,1,IDN,True,IDN,IDN.25_1
IDN.6,1,IDN,False,IDN,IDN.6_1
IDN.29,1,IDN,False,IDN,IDN.29_1
IDN.16,1,IDN,False,IDN,IDN.16_1
IDN.3,1,IDN,False,IDN,IDN.3_1
Sumatera,1,IDN,True,IDN,IDN.30_1
IDN.1,1,IDN,False,IDN,IDN.1_1
IDN.24,1,IDN,False,IDN,IDN.24_1
IDN.8,1,IDN,False,IDN,IDN.8_1
IDN.17,1,IDN,False,IDN,IDN.17_1
IDN.5,1,IDN,False,IDN,IDN.5_1
IND.1,1,IND,False,IND,IND.1_1
IDN.22,1,IDN,False,IDN,IDN.22_1
IDN.23,1,IDN,False,IDN,IDN.23_1
PHL,0,PHL,False,PHL,PHL
Jalaun,2,,False,IND,IND.34.38_1
IND.34.34,2,IND,False,IND,IND.34.34_1
Banda,2,,False,ARG,ARG.22.5_1
Chitrakoot,2,,False,IND,IND.34.21_1
Jhansi,2,,False,IND,IND.34.40_1
Mahoba,2,,False,IND,IND.34.51_1
Lalitpur,2,,False,IND,IND.34.48_1
Mirzapur,2,,False,IND,IND.34.56_1
Sonbhadra,2,,False,IND,IND.34.72_1
Mathura,2,,False,IND,IND.34.53_1
Agra,2,,False,IND,IND.34.1_1
Saharanpur,2,,False,IND,IND.34.63_1
Muzaffarnagar,2,,False,IND,IND.34.58_1
Shamli,2,,False,IND,IND.34.68_1
Baghpat,2,,False,IND,IND.34.9_1
Meerut,2,,False,IND,IND.34.55_1
Ghaziabad,2,,False,IND,IND.34.30_1
Hapur,2,,False,IND,IND.34.35_1
Bulandshahr,2,,False,IND,IND.34.19_1
GautamBuddhaNagar,2,,False,IND,IND.34.29_1
Yamunanagar,2,,False,IND,IND.12.21_1
Kurukshetra,2,,False,IND,IND.12.11_1
Kaithal,2,,False,IND,IND.12.9_1
Jind,2,,False,IND,IND.12.8_1
Karnal,2,,False,IND,IND.12.10_1
Panipat,2,,False,IND,IND.12.16_1
NCTofDelhi,1,IND,False,IND,IND.25_1
Sonipat,2,,False,IND,IND.12.20_1
Rohtak,2,,False,IND,IND.12.18_1
Jhajjar,2,,False,IND,IND.12.7_1
Gurgaon,2,,False,IND,IND.12.5_1
Faridabad,2,,False,IND,IND.12.3_1
Palwal,2,,False,IND,IND.12.14_1
Mewat,2,,False,IND,IND.12.13_1
IND.12.15,2,IND,False,IND,IND.12.15_1
IND.12.1,2,IND,False,IND,IND.12.1_1
IND.12.17,2,IND,False,IND,IND.12.17_1
IND.12.12,2,IND,False,IND,IND.12.12_1
IND.12.2,2,IND,False,IND,IND.12.2_1
IND.12.6,2,IND,False,IND,IND.12.6_1
IND.12.4,2,IND,False,IND,IND.12.4_1
IND.12.19,2,IND,False,IND,IND.12.19_1
Aligarh,2,,False,IND,IND.34.2_1
Hathras,2,,False,IND,IND.34.37_1
Etah,2,,False,IND,IND.34.23_1
Kasganj,2,,False,IND,IND.34.44_1
IND.34.28,2,IND,False,IND,IND.34.28_1
Mainpuri,2,,False,IND,IND.34.52_1
Etawah,2,,False,IND,IND.34.24_1
Farrukhabad,2,,False,IND,IND.34.26_1
Kannauj,2,,False,IND,IND.34.41_1
Bijnor,2,,False,IND,IND.34.17_1
Amroha,2,,False,IND,IND.34.6_1
Sambhal,2,,False,IND,IND.34.64_1
Moradabad,2,,False,IND,IND.34.57_1
Rampur,2,,False,IND,IND.34.62_1
Bareilly,2,,False,IND,IND.34.15_1
Budaun,2,,False,IND,IND.34.18_1
IND.34.64,2,IND,False,IND,IND.34.64_1
Fatehpur,2,,False,IND,IND.34.27_1
Kaushambi,2,,False,IND,IND.34.45_1
Allahabad,2,,False,IND,IND.34.3_1
Jaunpur,2,,False,IND,IND.34.39_1
SantRaviDasNagar,2,,False,IND,IND.34.66_1
Varanasi,2,,False,IND,IND.34.75_1
Chandauli,2,,False,IND,IND.34.20_1
Kaimur,2,,False,IND,IND.5.14_1
Rohtas,2,,False,IND,IND.5.29_1
Buxar,2,,False,IND,IND.5.8_1
IND.5.7,2,IND,False,IND,IND.5.7_1
Bahraich,2,,False,IND,IND.34.10_1
Shravasti,2,,False,IND,IND.34.69_1
Gonda,2,,False,IND,IND.34.32_1
IND.34.12,2,IND,False,IND,IND.34.12_1
SiddharthNagar,2,,False,IND,IND.34.70_1
Basti,2,,False,IND,IND.34.16_1
SantKabirNagar,2,,False,IND,IND.34.65_1
Gorakhpur,2,,False,IND,IND.34.33_1
Faizabad,2,,False,IND,IND.34.25_1
AmbedkarNagar,2,,False,IND,IND.34.4_1
AmbedkarNagar,2,,False,IND,IND.34.4_1
Azamgarh,2,,False,IND,IND.34.8_1
IND.34.54,2,IND,False,IND,IND.34.54_1
IND.34.11,2,IND,False,IND,IND.34.11_1
Sultanpur,2,,False,IND,IND.34.73_1
Ghazipur,2,,False,IND,IND.34.31_1
Maharajganj,2,,False,IND,IND.34.50_1
Kushinagar,2,,False,IND,IND.34.46_1
Deoria,2,,False,IND,IND.34.22_1
IND.5.11,2,IND,False,IND,IND.5.11_1
Siwan,2,,False,IND,IND.5.36_1
Saran,2,,False,IND,IND.5.32_1
PashchimChamparan,2,,False,IND,IND.5.25_1
PurbaChamparan,2,,False,IND,IND.5.27_1
Sheohar,2,,False,IND,IND.5.34_1
Sitamarhi,2,,False,IND,IND.5.35_1
Madhubani,2,,False,IND,IND.5.20_1
Muzaffarpur,2,,False,IND,IND.5.22_1
Vaishali,2,,False,IND,IND.5.38_1
Darbhanga,2,,False,IND,IND.5.9_1
Samastipur,2,,False,IND,IND.5.31_1
Begusarai,2,,False,IND,IND.5.5_1
Khagaria,2,,False,IND,IND.5.16_1
Patna,2,,False,IND,IND.5.26_1
Jehanabad,2,,False,IND,IND.5.13_1
IND.5.3,2,IND,False,IND,IND.5.3_1
IND.5.2,2,IND,False,IND,IND.5.2_1
Gaya,2,,False,IND,IND.5.10_1
Nalanda,2,,False,IND,IND.5.23_1
Sheikhpura,2,,False,IND,IND.5.33_1
Nawada,2,,False,IND,IND.5.24_1
Lakhisarai,2,,False,IND,IND.5.18_1
IND.5.12,2,IND,False,IND,IND.5.12_1
IND.5.21,2,IND,False,IND,IND.5.21_1
IND.5.4,2,IND,False,IND,IND.5.4_1
IND.5.6,2,IND,False,IND,IND.5.6_1
Bihar,1,IND,False,IND,IND.5_1
UttarPradesh,1,IND,False,IND,IND.34_1
Dewas,2,,False,IND,IND.19.15_1
Ujjain,2,,False,IND,IND.19.48_1
Ratlam,2,,False,IND,IND.19.35_1
Mandsaur,2,,False,IND,IND.19.28_1
Neemuch,2,,False,IND,IND.19.31_1
Jhabua,2,,False,IND,IND.19.25_1
Alirajpur,2,,False,IND,IND.19.2_1
IND.19.16,2,IND,False,IND,IND.19.16_1
Indore,2,,False,IND,IND.19.23_1
AgarMalwa,2,,False,IND,IND.19.1_1
Shajapur,2,,False,IND,IND.19.42_1
Sehore,2,,False,IND,IND.19.39_1
IND.19.34,2,IND,False,IND,IND.19.34_1
Bhopal,2,,False,IND,IND.19.9_1
Raisen,2,,False,IND,IND.19.33_1
Vidisha,2,,False,IND,IND.19.50_1
IND.19.19,2,IND,False,IND,IND.19.19_1
IND.19.4,2,IND,False,IND,IND.19.4_1
IND.19.44,2,IND,False,IND,IND.19.44_1
IND.19.43,2,IND,False,IND,IND.19.43_1
Gwalior,2,,False,IND,IND.19.20_1
IND.19.14,2,IND,False,IND,IND.19.14_1
IND.19.8,2,IND,False,IND,IND.19.8_1
IND.19.29,2,IND,False,IND,IND.19.29_1
IND.19.21,2,IND,False,IND,IND.19.21_1
IND.19.18,2,IND,False,IND,IND.19.18_1
IND.19.51,2,IND,False,IND,IND.19.51_1
IND.19.10,2,IND,False,IND,IND.19.10_1
IND.19.6,2,IND,False,IND,IND.19.6_1
Hoshangabad,2,,False,IND,IND.19.22_1
IND.19.7,2,IND,False,IND,IND.19.7_1
IND.19.12,2,IND,False,IND,IND.19.12_1
IND.19.30,2,IND,False,IND,IND.19.30_1
IND.19.40,2,IND,False,IND,IND.19.40_1
IND.19.27,2,IND,False,IND,IND.19.27_1
IND.19.5,2,IND,False,IND,IND.19.5_1
IND.19.17,2,IND,False,IND,IND.19.17_1
IND.19,1,IND,False,IND,IND.19_1
Haryana,1,,False,IND,IND.12_1
IND.29.6,2,IND,False,IND,IND.29.6_1
IND.29.2,2,IND,False,IND,IND.29.2_1
Jaipur,2,,False,IND,IND.29.17_1
IND.29.12,2,IND,False,IND,IND.29.12_1
IND.29.23,2,IND,False,IND,IND.29.23_1
IND.29.13,2,IND,False,IND,IND.29.13_1
IND.29.29,2,IND,False,IND,IND.29.29_1
IND.29.32,2,IND,False,IND,IND.29.32_1
IND.29.9,2,IND,False,IND,IND.29.9_1
Ajmer,2,,False,IND,IND.29.1_1
IND.29.7,2,IND,False,IND,IND.29.7_1
IND.29.28,2,IND,False,IND,IND.29.28_1
Udaipur,2,,False,IND,IND.29.33_1
Chittaurgarh,2,,False,IND,IND.29.10_1
IND.29.14,2,IND,False,IND,IND.29.14_1
IND.29.27,2,IND,False,IND,IND.29.27_1
IND.29.3,2,IND,False,IND,IND.29.3_1
IND.29.24,2,IND,False,IND,IND.29.24_1
IND.29.4,2,IND,False,IND,IND.29.4_1
IND.29.20,2,IND,False,IND,IND.29.20_1
Rajasthan,1,IND,False,IND,IND.29_1
Punjab,1,PAK,False,PAK,PAK.7_1
Chandigarh,2,,False,IND,IND.6.1_1
Islamabad,2,,False,PAK,PAK.4.1_1
Khyber-Pakhtunkhwa,1,PAK,False,PAK,PAK.5_1
PAK.7.2.1,3,PAK,False,PAK,PAK.7.2.1_1
PAK.7.2.4,3,PAK,False,PAK,PAK.7.2.4_1
DeraIsmailKhan,2,,False,PAK,PAK.5.2_1
Bannu,2,,False,PAK,PAK.5.1_1
PAK.5.3.2,3,PAK,False,PAK,PAK.5.3.2_1
Rawalpindi,2,,False,PAK,PAK.7.7_1
Sargodha,2,,False,PAK,PAK.7.8_1
PAK.7.8.4,3,PAK,False,PAK,PAK.7.8.4_1
PAK.7.2.2,3,PAK,False,PAK,PAK.7.2.2_1
PAK.7.2.3,3,PAK,False,PAK,PAK.7.2.3_1
PAK.7.4.4,3,PAK,False,PAK,PAK.7.4.4_1
PAK.7.4.1,3,PAK,False,PAK,PAK.7.4.1_1
PAK.7.4.2,3,PAK,False,PAK,PAK.7.4.2_1
PAK.7.4.3,3,PAK,False,PAK,PAK.7.4.3_1
PAK.7.4.5,3,PAK,False,PAK,PAK.7.4.5_1
PAK.7.4.6,3,PAK,False,PAK,PAK.7.4.6_1
PAK.7.4.7,3,PAK,False,PAK,PAK.7.4.7_1
PAK.7.4.8,3,PAK,False,PAK,PAK.7.4.8_1
PAK.7.5.3,3,PAK,False,PAK,PAK.7.5.3_1
PAK.7.5.6,3,PAK,False,PAK,PAK.7.5.6_1
PAK.7.3.1,3,PAK,False,PAK,PAK.7.3.1_1
PAK.7.3.2,3,PAK,False,PAK,PAK.7.3.2_1
PAK.7.3.3,3,PAK,False,PAK,PAK.7.3.3_1
IND.28.16,2,IND,False,IND,IND.28.16_1
IND.28.8,2,IND,False,IND,IND.28.8_1
IND.28.1,2,IND,False,IND,IND.28.1_1
IND.28.22,2,IND,False,IND,IND.28.22_1
PAK.7.5.1,3,PAK,False,PAK,PAK.7.5.1_1
PAK.7.5.2,3,PAK,False,PAK,PAK.7.5.2_1
PAK.7.5.4,3,PAK,False,PAK,PAK.7.5.4_1
PAK.7.5.5,3,PAK,False,PAK,PAK.7.5.5_1
Multan,2,,False,PAK,PAK.7.6_1
Bahawalpur,2,,False,PAK,PAK.7.1_1
IND.28,1,IND,False,IND,IND.28_1
IND.28.9,2,IND,False,IND,IND.28.9_1
IND.28.10,2,IND,False,IND,IND.28.10_1
IND.28.11,2,IND,False,IND,IND.28.11_1
IND.28.21,2,IND,False,IND,IND.28.21_1
IND.28.18,2,IND,False,IND,IND.28.18_1
IND.28.5,2,IND,False,IND,IND.28.5_1
IND.28.19,2,IND,False,IND,IND.28.19_1
IND.28.17,2,IND,False,IND,IND.28.17_1
Bikaner,2,,False,IND,IND.29.8_1
IND.29.11,2,IND,False,IND,IND.29.11_1
IND.29.16,2,IND,False,IND,IND.29.16_1
IND.29.15,2,IND,False,IND,IND.29.15_1
PAK.8.3.1,3,PAK,False,PAK,PAK.8.3.1_1
PAK.8.3.2,3,PAK,False,PAK,PAK.8.3.2_1
PAK.8.3.4,3,PAK,False,PAK,PAK.8.3.4_1
PAK.8.2.5,3,PAK,False,PAK,PAK.8.2.5_1
PAK.8.5.1,3,PAK,False,PAK,PAK.8.5.1_1
PAK.8.2.4,3,PAK,False,PAK,PAK.8.2.4_1
PAK.8.2.1,3,PAK,False,PAK,PAK.8.2.1_1
PAK.8.2.2,3,PAK,False,PAK,PAK.8.2.2_1
PAK.8.2.3,3,PAK,False,PAK,PAK.8.2.3_1
PAK.8.1.8,3,PAK,False,PAK,PAK.8.1.8_1
PAK.8.1.1,3,PAK,False,PAK,PAK.8.1.1_1
PAK.8.1.6,3,PAK,False,PAK,PAK.8.1.6_1
PAK.8.4.2,3,PAK,False,PAK,PAK.8.4.2_1
PAK.8.3,2,PAK,False,PAK,PAK.8.3_1
PAK.8.1.2,3,PAK,False,PAK,PAK.8.1.2_1
PAK.8.1.4,3,PAK,False,PAK,PAK.8.1.4_1
PAK.8.1.3,3,PAK,False,PAK,PAK.8.1.3_1
PAK.8.1.7,3,PAK,False,PAK,PAK.8.1.7_1
PAK.8.4.1,3,PAK,False,PAK,PAK.8.4.1_1
PAK.8.4.4,3,PAK,False,PAK,PAK.8.4.4_1
PAK.8.4.3,3,PAK,False,PAK,PAK.8.4.3_1
PAK.8.1.5,3,PAK,False,PAK,PAK.8.1.5_1
PAK.8.6.1,3,PAK,False,PAK,PAK.8.6.1_1
PAK.8.6.2,3,PAK,False,PAK,PAK.8.6.2_1
PAK.8.6.3,3,PAK,False,PAK,PAK.8.6.3_1
PAK.8.6.4,3,PAK,False,PAK,PAK.8.6.4_1
PAK.8.6.5,3,PAK,False,PAK,PAK.8.6.5_1
IND.11.16,2,IND,False,IND,IND.11.16_1
IND.11.5,2,IND,False,IND,IND.11.5_1
IND.11.18,2,IND,False,IND,IND.11.18_1
IND.11.24,2,IND,False,IND,IND.11.24_1
IND.11.27,2,IND,False,IND,IND.11.27_1
IND.11.4,2,IND,False,IND,IND.11.4_1
IND.11.12,2,IND,False,IND,IND.11.12_1
IND.11.1,2,IND,False,IND,IND.11.1_1
IND.11.29,2,IND,False,IND,IND.11.29_1
IND.11.20,2,IND,False,IND,IND.11.20_1
IND.11.14,2,IND,False,IND,IND.11.14_1
IND.11.11,2,IND,False,IND,IND.11.11_1
IND.11.25,2,IND,False,IND,IND.11.25_1
IND.11.26,2,IND,False,IND,IND.11.26_1
IND.11.15,2,IND,False,IND,IND.11.15_1
IND.11.13,2,IND,False,IND,IND.11.13_1
IND.11.2,2,IND,False,IND,IND.11.2_1
IND.11.8,2,IND,False,IND,IND.11.8_1
IND.11.7,2,IND,False,IND,IND.11.7_1
IND.11,1,IND,False,IND,IND.11_1
DadraandNagarHaveli,1,,False,IND,IND.8_1
DamanandDiu,1,,False,IND,IND.9_1
IND.15.22,2,IND,False,IND,IND.15.22_1
IND.15.8,2,IND,False,IND,IND.15.8_1
IND.15.16,2,IND,False,IND,IND.15.16_1
IND.15.5,2,IND,False,IND,IND.15.5_1
IND.15.3,2,IND,False,IND,IND.15.3_1
IND.15.11,2,IND,False,IND,IND.15.11_1
Jharkhand,1,IND,False,IND,IND.15_1
Puruliya,2,,False,IND,IND.36.18_1
IND.36.5,2,IND,False,IND,IND.36.5_1
IND.36.20,2,IND,False,IND,IND.36.20_1
BGD.5.5,2,BGD,False,BGD,BGD.5.5_1
IND.36.13,2,IND,False,IND,IND.36.13_1
IND.36.12,2,IND,False,IND,IND.36.12_1
IND.36.2,2,IND,False,IND,IND.36.2_1
IND.36.3,2,IND,False,IND,IND.36.3_1
IND.36.4,2,IND,False,IND,IND.36.4_1
IND.36.16,2,IND,False,IND,IND.36.16_1
IND.36.17,2,IND,False,IND,IND.36.17_1
IND.36.7,2,IND,False,IND,IND.36.7_1
IND.36.8,2,IND,False,IND,IND.36.8_1
IND.36.11,2,IND,False,IND,IND.36.11_1
IND.36.14,2,IND,False,IND,IND.36.14_1
IND.36.15,2,IND,False,IND,IND.36.15_1
IND.36.19,2,IND,False,IND,IND.36.19_1
BGD.5,1,BGD,False,BGD,BGD.5_1
BGD.4,1,BGD,False,BGD,BGD.4_1
BGD.1,1,BGD,False,BGD,BGD.1_1
BGD.3.2,2,BGD,False,BGD,BGD.3.2_1
BGD.3.4,2,BGD,False,BGD,BGD.3.4_1
BGD.3.7,2,BGD,False,BGD,BGD.3.7_1
BGD.3.14,2,BGD,False,BGD,BGD.3.14_1
BGD.3.15,2,BGD,False,BGD,BGD.3.15_1
Bangladesh,0,BGD,False,BGD,BGD
IND.7.19,2,IND,False,IND,IND.7.19_1
IND.7.7,2,IND,False,IND,IND.7.7_1
IND.7.12,2,IND,False,IND,IND.7.12_1
IND.7.21,2,IND,False,IND,IND.7.21_1
IND.7.16,2,IND,False,IND,IND.7.16_1
IND.7.17,2,IND,False,IND,IND.7.17_1
IND.7.25,2,IND,False,IND,IND.7.25_1
IND.7.26,2,IND,False,IND,IND.7.26_1
IND.7.13,2,IND,False,IND,IND.7.13_1
IND.7.3,2,IND,False,IND,IND.7.3_1
Chhattisgarh,1,,False,IND,IND.7_1
IND.26.13,2,IND,False,IND,IND.26.13_1
IND.26.6,2,IND,False,IND,IND.26.6_1
IND.26.17,2,IND,False,IND,IND.26.17_1
IND.26.3,2,IND,False,IND,IND.26.3_1
Cuttack,2,,False,IND,IND.26.7_1
IND.26.10,2,IND,False,IND,IND.26.10_1
IND.26.11,2,IND,False,IND,IND.26.11_1
IND.26.12,2,IND,False,IND,IND.26.12_1
IND.26.19,2,IND,False,IND,IND.26.19_1
IND.26.24,2,IND,False,IND,IND.26.24_1
IND.26.26,2,IND,False,IND,IND.26.26_1
IND.2.3,2,IND,False,IND,IND.2.3_1
IND.2.9,2,IND,False,IND,IND.2.9_1
IND.2.10,2,IND,False,IND,IND.2.10_1
IND.2.11,2,IND,False,IND,IND.2.11_1
IND.26.22,2,IND,False,IND,IND.26.22_1
IND.26.18,2,IND,False,IND,IND.26.18_1
IND.26.9,2,IND,False,IND,IND.26.9_1
IND.26.1,2,IND,False,IND,IND.26.1_1
IND.26.8,2,IND,False,IND,IND.26.8_1
IND.26.14,2,IND,False,IND,IND.26.14_1
IND.26.28,2,IND,False,IND,IND.26.28_1
IND.26.30,2,IND,False,IND,IND.26.30_1
Odisha,1,IND,False,IND,IND.26_1
IND.20.13,2,IND,False,IND,IND.20.13_1
IND.20.9,2,IND,False,IND,IND.20.9_1
IND.20.21,2,IND,False,IND,IND.20.21_1
IND.20.22,2,IND,False,IND,IND.20.22_1
IND.20.2,2,IND,False,IND,IND.20.2_1
IND.20.3,2,IND,False,IND,IND.20.3_1
IND.20.7,2,IND,False,IND,IND.20.7_1
IND.20.35,2,IND,False,IND,IND.20.35_1
IND.20.34,2,IND,False,IND,IND.20.34_1
IND.20.36,2,IND,False,IND,IND.20.36_1
IND.20.19,2,IND,False,IND,IND.20.19_1
IND.20.5,2,IND,False,IND,IND.20.5_1
IND.20.8,2,IND,False,IND,IND.20.8_1
IND.20.10,2,IND,False,IND,IND.20.10_1
IND.20.11,2,IND,False,IND,IND.20.11_1
IND.20.20.2,3,IND,False,IND,IND.20.20.2_1
IND.20.20.3,3,IND,False,IND,IND.20.20.3_1
IND.20.20.5,3,IND,False,IND,IND.20.20.5_1
IND.20.20.7,3,IND,False,IND,IND.20.20.7_1
IND.20.20,2,IND,False,IND,IND.20.20_1
IND.20.4,2,IND,False,IND,IND.20.4_1
IND.20.12,2,IND,False,IND,IND.20.12_1
IND.20.14,2,IND,False,IND,IND.20.14_1
IND.20.25,2,IND,False,IND,IND.20.25_1
IND.32.1,2,IND,False,IND,IND.32.1_1
IND.20.1,2,IND,False,IND,IND.20.1_1
IND.20.6,2,IND,False,IND,IND.20.6_1
IND.20.16,2,IND,False,IND,IND.20.16_1
IND.32.3,2,IND,False,IND,IND.32.3_1
IND.32.8,2,IND,False,IND,IND.32.8_1
IND.20.17,2,IND,False,IND,IND.20.17_1
IND.20.18,2,IND,False,IND,IND.20.18_1
IND.20.24,2,IND,False,IND,IND.20.24_1
IND.20.27,2,IND,False,IND,IND.20.27_1
IND.20.28,2,IND,False,IND,IND.20.28_1
IND.20.33,2,IND,False,IND,IND.20.33_1
IND.20.31,2,IND,False,IND,IND.20.31_1
Maharashtra,1,,False,IND,IND.20_1
IND.32.2,2,IND,False,IND,IND.32.2_1
IND.32.5,2,IND,False,IND,IND.32.5_1
IND.32.6,2,IND,False,IND,IND.32.6_1
IND.32.9,2,IND,False,IND,IND.32.9_1
IND.32.4,2,IND,False,IND,IND.32.4_1
IND.32.7,2,IND,False,IND,IND.32.7_1
IND.32.10,2,IND,False,IND,IND.32.10_1
IND.2.4,2,IND,False,IND,IND.2.4_1
IND.2.5,2,IND,False,IND,IND.2.5_1
IND.2.12,2,IND,False,IND,IND.2.12_1
IND.2.2,2,IND,False,IND,IND.2.2_1
IND.2.7,2,IND,False,IND,IND.2.7_1
IND.16.1,2,IND,False,IND,IND.16.1_1
IND.16.5,2,IND,False,IND,IND.16.5_1
IND.16.15,2,IND,False,IND,IND.16.15_1
IND.16.21,2,IND,False,IND,IND.16.21_1
IND.16.24,2,IND,False,IND,IND.16.24_1
IND.16.6,2,IND,False,IND,IND.16.6_1
IND.16.7,2,IND,False,IND,IND.16.7_1
IND.16.13,2,IND,False,IND,IND.16.13_1
IND.16.16,2,IND,False,IND,IND.16.16_1
IND.16.30,2,IND,False,IND,IND.16.30_1
IND.16.17,2,IND,False,IND,IND.16.17_1
IND.16.27,2,IND,False,IND,IND.16.27_1
IND.16.2,2,IND,False,IND,IND.16.2_1
IND.16.3,2,IND,False,IND,IND.16.3_1
IND.16.22,2,IND,False,IND,IND.16.22_1
IND.16.23,2,IND,False,IND,IND.16.23_1
IND.16.25,2,IND,False,IND,IND.16.25_1
IND.16.9,2,IND,False,IND,IND.16.9_1
IND.16.20,2,IND,False,IND,IND.16.20_1
IND.16.8,2,IND,False,IND,IND.16.8_1
IND.16.28,2,IND,False,IND,IND.16.28_1
IND.16.12,2,IND,False,IND,IND.16.12_1
IND.16.29,2,IND,False,IND,IND.16.29_1
IND.16.4,2,IND,False,IND,IND.16.4_1
IND.16.14,2,IND,False,IND,IND.16.14_1
IND.16.18,2,IND,False,IND,IND.16.18_1
Goa,1,IND,False,IND,IND.10_1
IND.16.19,2,IND,False,IND,IND.16.19_1
IND.2,1,IND,False,IND,IND.2_1
IND.16,1,IND,False,IND,IND.16_1
IND.10,1,IND,False,IND,IND.10_1
IND.2.8,2,IND,False,IND,IND.2.8_1
IND.17.4,2,IND,False,IND,IND.17.4_1
IND.27.2,2,IND,False,IND,IND.27.2_1
IND.31.31,2,IND,False,IND,IND.31.31_1
IND.27.3,2,IND,False,IND,IND.27.3_1
IND.31.13,2,IND,False,IND,IND.31.13_1
IND.27.1,2,IND,False,IND,IND.27.1_1
Kerala,1,IND,False,IND,IND.17_1
IND.31.4,2,IND,False,IND,IND.31.4_1
IND.31.29,2,IND,False,IND,IND.31.29_1
IND.31.30,2,IND,False,IND,IND.31.30_1
IND.31.2,2,IND,False,IND,IND.31.2_1
IND.31.8,2,IND,False,IND,IND.31.8_1
IND.31.23,2,IND,False,IND,IND.31.23_1
IND.31.12,2,IND,False,IND,IND.31.12_1
IND.31.19,2,IND,False,IND,IND.31.19_1
IND.31.22,2,IND,False,IND,IND.31.22_1
IND.31.17,2,IND,False,IND,IND.31.17_1
IND.31.25,2,IND,False,IND,IND.31.25_1
IND.31.27,2,IND,False,IND,IND.31.27_1
IND.31.32,2,IND,False,IND,IND.31.32_1
IND.31.9,2,IND,False,IND,IND.31.9_1
IND.31.16,2,IND,False,IND,IND.31.16_1
IND.31.26,2,IND,False,IND,IND.31.26_1
IND.31.15,2,IND,False,IND,IND.31.15_1
IND.31.1,2,IND,False,IND,IND.31.1_1
IND.31.20,2,IND,False,IND,IND.31.20_1
IND.31.24,2,IND,False,IND,IND.31.24_1
TamilNadu,1,IND,False,IND,IND.31_1
IND.17.12,2,IND,False,IND,IND.17.12_1
IND.17.6,2,IND,False,IND,IND.17.6_1
IND.17.11,2,IND,False,IND,IND.17.11_1
Kasaragod,2,,False,IND,IND.17.5_1
LKA,0,LKA,False,LKA,LKA
Nuristan,1,,False,AFG,AFG.24_1
Kunar,1,,False,AFG,AFG.18_1
Nangarhar,1,,False,AFG,AFG.22_1
Paktya,1,,False,AFG,AFG.26_1
Khost,1,,False,AFG,AFG.17_1
Logar,1,,False,AFG,AFG.21_1
Wardak,1,,False,AFG,AFG.33_1
Parwan,1,,False,AFG,AFG.28_1
AFG.20,1,AFG,False,AFG,AFG.20_1
Kabul,1,AFG,False,AFG,AFG.14_1
Kapisa,1,,False,AFG,AFG.16_1
Panjshir,1,,False,AFG,AFG.27_1
Bamyan,1,,False,AFG,AFG.5_1
Kandahar,1,,False,AFG,AFG.15_1
Hilmand,1,,False,AFG,AFG.11_1
AFG.7,1,AFG,False,AFG,AFG.7_1
AFG.23,1,AFG,False,AFG,AFG.23_1
Hirat,1,,False,AFG,AFG.12_1
AFG.2,1,AFG,False,AFG,AFG.2_1
AFG.8,1,AFG,False,AFG,AFG.8_1
AFG.1,1,AFG,False,AFG,AFG.1_1
AFG.31,1,AFG,False,AFG,AFG.31_1
AFG.19,1,AFG,False,AFG,AFG.19_1
AFG.3,1,AFG,False,AFG,AFG.3_1
AFG.4,1,AFG,False,AFG,AFG.4_1
AFG.29,1,AFG,False,AFG,AFG.29_1
AFG.13,1,AFG,False,AFG,AFG.13_1
AFG.30,1,AFG,False,AFG,AFG.30_1
AFG,0,AFG,False,AFG,AFG
Balochistan,1,PAK,False,PAK,PAK.2_1
IRN.26,1,IRN,False,IRN,IRN.26_1
TJK.3,1,TJK,False,TJK,TJK.3_1
TJK.1,1,TJK,False,TJK,TJK.1_1
TJK.5.7,2,TJK,False,TJK,TJK.5.7_1
TJK.4,1,TJK,False,TJK,TJK.4_1
TJK.2,1,TJK,False,TJK,TJK.2_1
TJK.5,1,TJK,False,TJK,TJK.5_1
UZB.12,1,UZB,False,UZB,UZB.12_1
UZB.6,1,UZB,False,UZB,UZB.6_1
UZB.10,1,UZB,False,UZB,UZB.10_1
UZB.2,1,UZB,False,UZB,UZB.2_1
UZB.9,1,UZB,False,UZB,UZB.9_1
UZB.4,1,UZB,False,UZB,UZB.4_1
UZB.11,1,UZB,False,UZB,UZB.11_1
UZB.13,1,UZB,False,UZB,UZB.13_1
UZB.14,1,UZB,False,UZB,UZB.14_1
UZB.5,1,UZB,False,UZB,UZB.5_1
UZB.7,1,UZB,False,UZB,UZB.7_1
Uzbekistan,0,UZB,False,UZB,UZB
TKM.3,1,TKM,False,TKM,TKM.3_1
TKM.6,1,TKM,False,TKM,TKM.6_1
Turkmenistan,0,TKM,False,TKM,TKM
CHN.28.9,2,CHN,False,CHN,CHN.28.9_1
CHN.28.10,2,CHN,False,CHN,CHN.28.10_1
CHN.28.1.5,3,CHN,False,CHN,CHN.28.1.5_1
CHN.28.1.3,3,CHN,False,CHN,CHN.28.1.3_1
CHN.28.1.7,3,CHN,False,CHN,CHN.28.1.7_1
CHN.28.1.6,3,CHN,False,CHN,CHN.28.1.6_1
CHN.28.1,2,CHN,False,CHN,CHN.28.1_1
CHN.28.3.7,3,CHN,False,CHN,CHN.28.3.7_1
CHN.28.3.8,3,CHN,False,CHN,CHN.28.3.8_1
CHN.28.3.6,3,CHN,False,CHN,CHN.28.3.6_1
CHN.28.3.4,3,CHN,False,CHN,CHN.28.3.4_1
CHN.28.14,2,CHN,False,CHN,CHN.28.14_1
CHN.28,1,CHN,False,CHN,CHN.28_1
CHN.28.3,2,CHN,False,CHN,CHN.28.3_1
CHN.28.11,2,CHN,False,CHN,CHN.28.11_1
Mongolia,0,MNG,False,MNG,MNG
CHN.19,1,CHN,False,CHN,CHN.19_1
India,0,IND,False,IND,IND
Pakistan,0,PAK,False,PAK,PAK
Afghanistan,0,,False,AFG,AFG
SriLanka,0,LKA,False,LKA,LKA
Tajikistan,0,TJK,False,TJK,TJK
IND.34.7,2,IND,False,IND,IND.34.7_1
IND.34.42,2,IND,False,IND,IND.34.42_1
IND.34.43,2,IND,False,IND,IND.34.43_1
LBN,0,LBN,False,LBN,LBN
ISR,0,ISR,False,ISR,ISR
PSE,0,PSE,False,PSE,PSE
SYR,0,SYR,False,SYR,SYR
JOR,0,JOR,False,JOR,JOR
IRQ,0,IRQ,False,IRQ,IRQ
IRN,0,IRN,False,IRN,IRN
GRC,0,GRC,False,GRC,GRC
TUR,0,TUR,False,TUR,TUR
CYP,0,CYP,False,CYP,CYP
EGY,0,EGY,False,EGY,EGY
ALB,0,ALB,False,ALB,ALB
BIH,0,BIH,False,BIH,BIH
HRV,0,HRV,False,HRV,HRV
ITA,0,ITA,False,ITA,ITA
MLT,0,MLT,False,MLT,MLT
MNE,0,MNE,False,MNE,MNE
SVN,0,SVN,False,SVN,SVN
SDN,0,SDN,False,SDN,SDN
EGY.14,1,EGY,False,EGY,EGY.14_1
SDN.10,1,SDN,False,SDN,SDN.10_1
SDN.8,1,SDN,False,SDN,SDN.8_1
SDN.9,1,SDN,False,SDN,SDN.9_1
SDN.4,1,SDN,False,SDN,SDN.4_1
SDN.14,1,SDN,False,SDN,SDN.14_1
SDN.5,1,SDN,False,SDN,SDN.5_1
SDN.17,1,SDN,False,SDN,SDN.17_1
SDN.15,1,SDN,False,SDN,SDN.15_1
SDN.16,1,SDN,False,SDN,SDN.16_1
ESP,0,ESP,False,ESP,ESP
FRA.11,1,FRA,False,FRA,FRA.11_1
FRA.13,1,FRA,False,FRA,FRA.13_1
MCO,0,MCO,False,MCO,MCO
PRT,0,PRT,False,PRT,PRT
AND,0,AND,False,AND,AND
GIB,0,GIB,False,GIB,GIB
MAR,0,MAR,False,MAR,MAR
DZA,0,DZA,False,DZA,DZA
LBY,0,LBY,False,LBY,LBY
TUN,0,TUN,False,TUN,TUN
DZA.18,1,DZA,False,DZA,DZA.18_1
DZA.33,1,DZA,False,DZA,DZA.33_1
DZA.20,1,DZA,False,DZA,DZA.20_1
DZA.22,1,DZA,False,DZA,DZA.22_1
DZA.41,1,DZA,False,DZA,DZA.41_1
DZA.1,1,DZA,False,DZA,DZA.1_1
DZA.17,1,DZA,False,DZA,DZA.17_1
DZA.7,1,DZA,False,DZA,DZA.7_1
DZA.44,1,DZA,False,DZA,DZA.44_1
LBY.17,1,LBY,False,LBY,LBY.17_1
LBY.3,1,LBY,False,LBY,LBY.3_1
LBY.22,1,LBY,False,LBY,LBY.22_1
LBY.14,1,LBY,False,LBY,LBY.14_1
LBY.21,1,LBY,False,LBY,LBY.21_1
LBY.18,1,LBY,False,LBY,LBY.18_1
LBY.16,1,LBY,False,LBY,LBY.16_1
LBY.5,1,LBY,False,LBY,LBY.5_1
LBY.9,1,LBY,False,LBY,LBY.9_1
LBY.6,1,LBY,False,LBY,LBY.6_1
ARE,0,ARE,False,ARE,ARE
BHR,0,BHR,False,BHR,BHR
KWT,0,KWT,False,KWT,KWT
OMN,0,OMN,False,OMN,OMN
QAT,0,QAT,False,QAT,QAT
SAU,0,SAU,False,SAU,SAU
YEM,0,YEM,False,YEM,YEM
SOM,0,SOM,False,SOM,SOM
TZA,0,TZA,False,TZA,TZA
DJI,0,DJI,False,DJI,DJI
ERI,0,ERI,False,ERI,ERI
MDG,0,MDG,False,MDG,MDG
CHN.11,1,CHN,False,CHN,CHN.11_1
CHN.17,1,CHN,False,CHN,CHN.17_1
CHN.18,1,CHN,False,CHN,CHN.18_1
MNG,0,MNG,False,MNG,MNG
CHN,0,CHN,False,CHN,CHN
JPN,0,JPN,False,JPN,JPN
KOR,0,KOR,False,KOR,KOR
PRK,0,PRK,False,PRK,PRK
ARM,0,ARM,False,ARM,ARM
AZE,0,AZE,False,AZE,AZE
GEO,0,GEO,False,GEO,GEO
SYR.9,1,SYR,False,SYR,SYR.9_1
SYR.14,1,SYR,False,SYR,SYR.14_1
SYR.8,1,SYR,False,SYR,SYR.8_1
SYR.11,1,SYR,False,SYR,SYR.11_1
SYR.10,1,SYR,False,SYR,SYR.10_1
SYR.2,1,SYR,False,SYR,SYR.2_1
SYR.3,1,SYR,False,SYR,SYR.3_1
SYR.7,1,SYR,False,SYR,SYR.7_1
SYR.1,1,SYR,False,SYR,SYR.1_1
TUR.58,1,TUR,False,TUR,TUR.58_1
TUR.1,1,TUR,False,TUR,TUR.1_1
TUR.42,1,TUR,False,TUR,TUR.42_1
TUR.55,1,TUR,False,TUR,TUR.55_1
TUR.64,1,TUR,False,TUR,TUR.64_1
TUR.33,1,TUR,False,TUR,TUR.33_1
TUR.48,1,TUR,False,TUR,TUR.48_1
TUR.2,1,TUR,False,TUR,TUR.2_1
TUR.68,1,TUR,False,TUR,TUR.68_1
TUR.29,1,TUR,False,TUR,TUR.29_1
TUR.26,1,TUR,False,TUR,TUR.26_1
TUR.57,1,TUR,False,TUR,TUR.57_1
TUR.14,1,TUR,False,TUR,TUR.14_1
TUR.69,1,TUR,False,TUR,TUR.69_1
TUR.71,1,TUR,False,TUR,TUR.71_1
IRQ.17,1,IRQ,False,IRQ,IRQ.17_1
IRQ.8,1,IRQ,False,IRQ,IRQ.8_1
IRQ.16,1,IRQ,False,IRQ,IRQ.16_1
IRQ.6,1,IRQ,False,IRQ,IRQ.6_1
IRQ.12,1,IRQ,False,IRQ,IRQ.12_1
YEM.12.20,2,YEM,False,YEM,YEM.12.20_1
YEM.12.18,2,YEM,False,YEM,YEM.12.18_1
RUS.22,1,RUS,False,RUS,RUS.22_1
RUS.9,1,RUS,False,RUS,RUS.9_1
RUS.71,1,RUS,False,RUS,RUS.71_1
RUS.56,1,RUS,False,RUS,RUS.56_1
RUS.3,1,RUS,False,RUS,RUS.3_1
IRN.11,1,IRN,False,IRN,IRN.11_1
IRN.3,1,IRN,False,IRN,IRN.3_1
IRN.15,1,IRN,False,IRN,IRN.15_1
IRQ.2,1,IRQ,False,IRQ,IRQ.2_1
OMN.2,1,OMN,False,OMN,OMN.2_1
OMN.3,1,OMN,False,OMN,OMN.3_1
OMN.11,1,OMN,False,OMN,OMN.11_1
